id,type,title,task,wp,status,source
P01,页面/面板,首次使用与连接引导,T11,WP02,待实施,Design 1.0
P02,页面/面板,项目主页,T12,WP02,待实施,Design 1.0
P03,页面/面板,创作画布,T13,WP02,待实施,Design 1.0
P04,页面/面板,素材库,T16,WP02,待实施,Design 1.0
P05,页面/面板,提示词库,T17,WP02,待实施,Design 1.0
P06,页面/面板,任务中心,T34,WP05,待实施,Design 1.0
P07,页面/面板,结果审片,T35,WP05,待实施,Design 1.0
P08,页面/面板,版本比较,T35,WP05,待实施,Design 1.0
P09,页面/面板,Agent 协作,T42,WP06,待实施,Design 1.0
P10,页面/面板,Core 连接设置,T37,WP05,待实施,Design 1.0
P11,页面/面板,模型与能力,T37,WP05,待实施,Design 1.0
P12,页面/面板,外观与操作偏好,T37,WP05,待实施,Design 1.0
P13,页面/面板,本地数据与备份,T37,WP05,待实施,Design 1.0
P14,页面/面板,项目导入导出,T36,WP05,待实施,Design 1.0
P15,页面/面板,活动与诊断,T38,WP05,待实施,Design 1.0
P16,页面/面板,帮助与版本,T38,WP05,待实施,Design 1.0
P17,页面/面板,回收站,T12,WP02,待实施,Design 1.0
P18,页面/面板,扩展媒体能力,T43,WP07,待实施,Design 1.0
P19,页面/面板,可选备份同步,T43,WP07,待实施,Design 1.0
P20,页面/面板,恢复与冲突中心,T38,WP05,待实施,Design 1.0
P21,页面/面板,独立提示词生成工作台,T21,WP03,待实施,Design 1.1
P22,页面/面板,画布内提示词生成面板,T21,WP03,待实施,Design 1.1
P23,页面/面板,草稿结果与历史审阅,T21,WP03,待实施,Design 1.1
D01,弹窗,新建/重命名项目,T12,WP02,待实施,Design 1.0
D02,弹窗,复制项目,T12,WP02,待实施,Design 1.0
D03,弹窗,删除/归档影响,T08,WP01,待实施,Design 1.0
D04,弹窗,文件导入检查,T07,WP01,待实施,Design 1.0
D05,弹窗,生成确认单,T26,WP04,待实施,Design 1.0
D06,弹窗,输入无效清单,T26,WP04,待实施,Design 1.0
D07,弹窗,节点/素材详情,T16,WP02,待实施,Design 1.0
D08,弹窗,分支/改版/续写,T32,WP04,待实施,Design 1.0
D09,弹窗,提示词编辑/变量,T17,WP02,待实施,Design 1.0
D10,弹窗,媒体预览,T16,WP02,待实施,Design 1.0
D11,弹窗,对照版本选择,T35,WP05,待实施,Design 1.0
D12,弹窗,重新授权,T09,WP01,待实施,Design 1.0
D13,弹窗,Agent首次授权,T39,WP06,待实施,Design 1.0
D14,弹窗,Agent提案审阅,T40,WP06,待实施,Design 1.0
D15,弹窗,版本冲突,T38,WP05,待实施,Design 1.0
D16,弹窗,项目包导出,T36,WP05,待实施,Design 1.0
D17,弹窗,项目导入向导,T36,WP05,待实施,Design 1.0
D18,弹窗,重置偏好,T37,WP05,待实施,Design 1.0
D19,弹窗,清空数据/永久删除,T08,WP01,待实施,Design 1.0
D20,弹窗,存储失败恢复,T38,WP05,待实施,Design 1.0
D21,弹窗,任务未知结果,T27,WP04,待实施,Design 1.0
D22,弹窗,导出诊断确认,T38,WP05,待实施,Design 1.0
D23,弹窗,离开未保存编辑,T11,WP02,待实施,Design 1.0
D24,弹窗,多标签页写锁,T06,WP01,待实施,Design 1.0
PGD01,弹窗,清空当前草稿,T21,WP03,待实施,Design 1.1
PGD02,弹窗,AI优化确认,T30,WP04,待实施,Design 1.1
PGD03,弹窗,原始需求与表单冲突,T19,WP03,待实施,Design 1.1
PGD04,弹窗,应用当前节点差异,T22,WP03,待实施,Design 1.1
PGD05,弹窗,插入目标与位置,T22,WP03,待实施,Design 1.1
PGD06,弹窗,未知响应／无效结果,T31,WP04,待实施,Design 1.1
