repository,commit,sourcePath,sourceSha256,targetTask,disposition,notes
"basketikun/infinite-canvas","dab19adc0847e32e39b7fc8ff90cb392561fb826","web/src/lib/canvas/canvas-node-geometry.ts","7f3edb9facc3590455ca77bf3dbf1d34c4b71d2373badd87a91d08888f6cfb67","T13/T15","candidate-selective-adaptation","bounds/group geometry; remap to domain commands; no second engine"
"basketikun/infinite-canvas","dab19adc0847e32e39b7fc8ff90cb392561fb826","web/src/lib/canvas/canvas-node-size.ts","36700f6dee82bb5b22fa30fa0b4bbbbd7bb906676930b4d0b479f7ab4d46d7fe","T14","candidate-selective-adaptation","replace dimensions with approved tokens"
"basketikun/infinite-canvas","dab19adc0847e32e39b7fc8ff90cb392561fb826","web/src/components/canvas/canvas-connections.tsx","faf6a16206bd6b56105afd93890cafa2f041364a882ce67efef37f117648225e","T13/T14","candidate-not-yet-reviewed","inspect interactions before migration; UI rewritten"
"basketikun/infinite-canvas","dab19adc0847e32e39b7fc8ff90cb392561fb826","web/src/stores/canvas/use-canvas-store.ts","e5bfd53d2241d35a68deef816d48b58c365b71309cd83cd70123dba25fea28c7","T05/T10","excluded","new native IndexedDB transactions and command layer"
"basketikun/infinite-canvas","dab19adc0847e32e39b7fc8ff90cb392561fb826","web/src/components/layout/app-config-modal.tsx","1ea336ffd6b98539f55a038eac97c099e85866f6f255d3a69991a6f1ec645c26","T11/T37","excluded","new owned UI; remove default providers/plugin/script paths"
"manderzuo/Trae-core","c056dffc41c701fb1b78a84c18c2ec139d3d708b","starlink-dimension-router/src/server.rs","08a5c6d278f232d6fd21b553abbc938a0b16f226921c22a76e9e4a7dd3247bf7","T23","contract-reference-only","ordinary user routes; no live requests"
"manderzuo/trae-maker","d97904db990485072d50a9065ed9dca58e222b0c","src-tauri/src/api_server/auth.rs","08bca4c8a34957013984bc3e345c00829d448e79e75f4980125caf4c9afd9518","T23","reference-only","Core remains authorization authority; gateway not directly called"
"manderzuo/trae-maker-MCP","9e7d5c8f249bfc65265c9f90260cd1e350280557","skills/aiwork-seedance/mcp/README.md","8d4f09d9efac22654557bb50e2a73820b4ada19bbe2dbeb79d7f888694d69286","T39/T41","protocol-reference-only","do not migrate credentials or installer"
"manderzuo/prompt-for-seedance-gptimage2.5","d8ba7c104ba7c24e3d28b0c3bede8764544bea8b","src/optimizer/videoRules.js","88a146976fb7a6d1e30c0887ff3ab2598eaa57cad01931c09fa7440cab05700b","T18/T19","candidate-selective-adaptation","preserve pure rules; reject defaults overriding explicit constraints"
"manderzuo/prompt-for-seedance-gptimage2.5","d8ba7c104ba7c24e3d28b0c3bede8764544bea8b","electron/main.cjs","e212dc9c6b44f3bd1c28331584e95bc6f7e38e01c1515fd2cb69386eee7169f9","T18/T30","prompt-concept-reference-only","no Electron credentials or HTTP implementation migrated"
"basketikun/infinite-canvas","dab19adc0847e32e39b7fc8ff90cb392561fb826","web/src/lib/canvas/canvas-node-geometry.ts","7f3edb9facc3590455ca77bf3dbf1d34c4b71d2373badd87a91d08888f6cfb67","T13","adapted","src/features/canvas/geometry.ts nodeBounds reduce; world coords; MIT retained"
"basketikun/infinite-canvas","dab19adc0847e32e39b7fc8ff90cb392561fb826","web/src/lib/canvas/canvas-node-geometry.ts","7f3edb9facc3590455ca77bf3dbf1d34c4b71d2373badd87a91d08888f6cfb67","T15","adapted","src/features/canvas/group-layout.ts group member geometry; padding24/top52; MIT retained"
"manderzuo/prompt-for-seedance-gptimage2.5","d8ba7c104ba7c24e3d28b0c3bede8764544bea8b","src/optimizer/videoRules.js","88a146976fb7a6d1e30c0887ff3ab2598eaa57cad01931c09fa7440cab05700b","T18","adapted","video-scenes.ts and compile-video.ts; remove fixed15 timeline/options/reference caps; preserve user constraints; MIT retained"
